date,value,memo
2023-01-01,1515.1,
2023-01-02,1524.9,
2023-01-03,1530.4,
2023-01-04,1534.7,
2023-01-05,1534.7,
2023-01-06,1533.6,
2023-01-07,1533.1,
2023-01-08,1533.4,
2023-01-09,1535.5,
2023-01-10,1535.8,
2023-01-11,1534.9,
2023-01-12,1533.8,
2023-01-13,1534.7,
2023-01-14,1534.8,
2023-01-15,1535.7,
2023-01-16,1538.4,
2023-01-17,1538.7,
2023-01-18,1539.4,
2023-01-19,1539.6,
2023-01-20,1540.4,
2023-01-21,1540.9,
2023-01-22,1542.6,
2023-01-23,1542.7,
2023-01-24,1544.5,
2023-01-25,1546.3,
2023-01-26,1547.1,
2023-01-27,1549.9,
2023-01-28,1550.9,
2023-01-29,1551.1,
2023-01-30,1553.3,
2023-01-31,1554.1,
2023-02-01,1557.7,
2023-02-02,1560.0,
2023-02-03,1562.8,
2023-02-04,1564.0,
2023-02-05,1563.7,
2023-02-06,1563.9,
2023-02-07,1564.4,
2023-02-08,1563.6,
2023-02-09,1563.2,
2023-02-10,1563.1,
2023-02-11,1564.1,
2023-02-12,1564.4,
2023-02-13,1564.7,
2023-02-14,1564.7,
2023-02-15,1564.8,
2023-02-16,1565.5,
2023-02-17,1566.0,
2023-02-18,1566.7,
2023-02-19,1566.7,
2023-02-20,1566.9,
2023-02-21,1566.6,
2023-02-22,1566.6,
2023-02-23,1566.4,
2023-02-24,1566.5,
2023-02-25,1567.0,
2023-02-26,1566.1,
2023-02-27,1566.0,
2023-02-28,1566.4,
2023-03-01,1567.5,
2023-03-02,1567.9,
2023-03-03,1569.9,
2023-03-04,1569.6,
2023-03-05,1570.4,
2023-03-06,1571.5,
2023-03-07,1573.2,
2023-03-08,1574.8,
2023-03-09,1575.9,
2023-03-10,1575.6,
2023-03-11,1575.6,
2023-03-12,1576.1,
2023-03-13,1576.3,
2023-03-14,1577.7,
2023-03-15,1578.3,
2023-03-16,1579.0,
2023-03-17,1579.5,
2023-03-18,1579.6,
2023-03-19,1579.5,
2023-03-20,1580.0,
2023-03-21,1580.4,
2023-03-22,1580.3,
2023-03-23,1579.8,
2023-03-24,1579.7,
2023-03-25,1579.1,
2023-03-26,1579.4,
2023-03-27,1578.0,
2023-03-28,1577.8,
2023-03-29,1577.9,
2023-03-30,1578.7,
2023-03-31,1579.4,
2023-04-01,1579.4,
2023-04-02,1579.5,
2023-04-03,1581.4,
2023-04-04,1584.0,
2023-04-05,1588.5,
2023-04-06,1592.3,
2023-04-07,1597.9,
2023-04-08,1601.1,
2023-04-09,1602.0,
2023-04-10,1608.2,
2023-04-11,1614.5,
2023-04-12,1617.4,
2023-04-13,1619.4,
2023-04-14,1622.7,
2023-04-15,1625.6,
2023-04-16,1628.1,
2023-04-17,1632.1,
2023-04-18,1636.2,
2023-04-19,1640.4,
2023-04-20,1641.8,
2023-04-21,1643.0,
2023-04-22,1643.9,
2023-04-23,1644.3,
2023-04-24,1645.3,
2023-04-25,1646.1,
2023-04-26,1646.0,
2023-04-27,1645.9,
2023-04-28,1645.4,
2023-04-29,1644.7,
2023-04-30,1644.7,
2023-05-01,1644.5,
2023-05-02,1644.6,
2023-05-03,1643.8,
2023-05-04,1642.5,
2023-05-05,1641.3,
2023-05-06,1641.1,
2023-05-07,1641.3,
2023-05-08,1638.7,
2023-05-09,1635.5,
2023-05-10,1630.9,
2023-05-11,1627.1,
2023-05-12,1622.7,
2023-05-13,1619.8,
2023-05-14,1618.9,
2023-05-15,1615.6,
2023-05-16,1611.6,
2023-05-17,1607.9,
2023-05-18,1603.8,
2023-05-19,1599.7,
2023-05-20,1598.3,
2023-05-21,1597.8,
2023-05-22,1595.7,
2023-05-23,1593.5,
2023-05-24,1592.2,
2023-05-25,1590.0,
2023-05-26,1588.8,
2023-05-27,1587.2,
2023-05-28,1586.8,
2023-05-29,1585.6,
2023-05-30,1583.9,
2023-05-31,1582.4,
2023-06-01,1581.0,
2023-06-02,1578.4,
2023-06-03,1576.8,
2023-06-04,1576.4,
2023-06-05,1573.6,
2023-06-06,1572.1,
2023-06-07,1571.4,
2023-06-08,1569.4,
2023-06-09,1568.1,
2023-06-10,1567.6,
2023-06-11,1567.1,
2023-06-12,1566.7,
2023-06-13,1565.2,
2023-06-14,1564.3,
2023-06-15,1562.2,
2023-06-16,1560.3,
2023-06-17,1559.2,
2023-06-18,1558.7,
2023-06-19,1557.9,
2023-06-20,1557.3,
2023-06-21,1556.4,
2023-06-22,1555.9,
2023-06-23,1555.1,
2023-06-24,1555.0,
2023-06-25,1555.1,
2023-06-26,1554.6,
2023-06-27,1552.6,
2023-06-28,1552.6,
2023-06-29,1551.9,
2023-06-30,1551.4,
2023-07-01,1550.9,
2023-07-02,1551.0,
2023-07-03,1550.1,
2023-07-04,1550.1,
2023-07-05,1550.1,
2023-07-06,1550.0,
2023-07-07,1550.0,
2023-07-08,1550.3,
2023-07-09,1550.2,
2023-07-10,1550.6,
2023-07-11,1550.4,
2023-07-12,1551.4,
2023-07-13,1552.9,
2023-07-14,1555.3,
2023-07-15,1555.9,
2023-07-16,1556.5,
2023-07-17,1558.1,
2023-07-18,1560.3,
2023-07-19,1561.8,
2023-07-20,1563.5,
2023-07-21,1564.7,
2023-07-22,1566.7,
2023-07-23,1567.2,
2023-07-24,1570.4,
2023-07-25,1574.5,
2023-07-26,1579.2,
2023-07-27,1584.9,
2023-07-28,1592.0,
2023-07-29,1597.2,
2023-07-30,1599.1,
2023-07-31,1603.3,
2023-08-01,1615.0,
2023-08-02,1627.1,
2023-08-03,1639.4,
2023-08-04,1649.1,
2023-08-05,1659.6,
2023-08-06,1665.5,
2023-08-07,1675.2,
2023-08-08,1683.7,
2023-08-09,1690.9,
2023-08-10,1696.2,
2023-08-11,1701.3,
2023-08-12,1705.4,
2023-08-13,1707.0,
2023-08-14,1709.4,
2023-08-15,1713.4,
2023-08-16,1715.6,
2023-08-17,1718.0,
2023-08-18,1719.8,
2023-08-19,1721.5,
2023-08-20,1721.5,
2023-08-21,1723.1,
2023-08-22,1725.0,
2023-08-23,1726.8,
2023-08-24,1727.5,
2023-08-25,1728.0,
2023-08-26,1727.9,
2023-08-27,1728.2,
2023-08-28,1728.2,
2023-08-29,1729.7,
2023-08-30,1730.3,
2023-08-31,1730.8,
2023-09-01,1730.6,
2023-09-02,1731.1,
2023-09-03,1731.9,
2023-09-04,1733.5,
2023-09-05,1734.0,
2023-09-06,1734.6,
2023-09-07,1735.5,
2023-09-08,1737.0,
2023-09-09,1738.2,
2023-09-10,1739.0,
2023-09-11,1740.2,
2023-09-12,1741.5,
2023-09-13,1743.1,
2023-09-14,1744.6,
2023-09-15,1747.5,
2023-09-16,1750.1,
2023-09-17,1750.8,
2023-09-18,1752.9,
2023-09-19,1757.6,
2023-09-20,1760.7,
2023-09-21,1763.4,
2023-09-22,1765.0,
2023-09-23,1766.6,
2023-09-24,1766.7,
2023-09-25,1768.0,
2023-09-26,1772.1,
2023-09-27,1772.3,
2023-09-28,1774.3,
2023-09-29,1775.1,
2023-09-30,1775.4,
2023-10-01,1775.9,
2023-10-02,1776.8,
2023-10-03,1775.4,
2023-10-04,1776.6,
2023-10-05,1775.7,
2023-10-06,1773.9,
2023-10-07,1770.3,
2023-10-08,1769.1,
2023-10-09,1767.8,
2023-10-10,1766.6,
2023-10-11,1764.4,
2023-10-12,1761.9,
2023-10-13,1758.1,
2023-10-14,1755.4,
2023-10-15,1753.6,
2023-10-16,1752.2,
2023-10-17,1748.7,
2023-10-18,1747.5,
2023-10-19,1745.9,
2023-10-20,1744.5,
2023-10-21,1743.4,
2023-10-22,1743.1,
2023-10-23,1739.9,
2023-10-24,1737.0,
2023-10-25,1734.3,
2023-10-26,1730.8,
2023-10-27,1728.3,
2023-10-28,1725.3,
2023-10-29,1725.0,
2023-10-30,1723.6,
2023-10-31,1720.3,
2023-11-01,1714.6,
2023-11-02,1710.4,
2023-11-03,1704.6,
2023-11-04,1703.0,
2023-11-05,1701.7,
2023-11-06,1699.6,
2023-11-07,1692.9,
2023-11-08,1688.9,
2023-11-09,1683.5,
2023-11-10,1676.4,
2023-11-11,1672.5,
2023-11-12,1670.5,
2023-11-13,1666.7,
2023-11-14,1659.2,
2023-11-15,1655.7,
2023-11-16,1652.4,
2023-11-17,1649.8,
2023-11-18,1648.7,
2023-11-19,1647.0,
2023-11-20,1643.6,
2023-11-21,1636.7,
2023-11-22,1634.7,
2023-11-23,1630.6,
2023-11-24,1626.5,
2023-11-25,1625.0,
2023-11-26,1623.9,
2023-11-27,1622.6,
2023-11-28,1616.5,
2023-11-29,1614.7,
2023-11-30,1615.1,
2023-12-01,1610.2,
2023-12-02,1610.3,
2023-12-03,1608.8,
2023-12-04,1606.1,
2023-12-05,1603.1,
2023-12-06,1601.1,
2023-12-07,1598.9,
2023-12-08,1597.5,
2023-12-09,1595.6,
2023-12-10,1595.0,
2023-12-11,1592.9,
2023-12-12,1590.1,
2023-12-13,1587.4,
2023-12-14,1582.8,
2023-12-15,1579.6,
2023-12-16,1577.6,
2023-12-17,1577.3,
2023-12-18,1573.7,
2023-12-19,1570.4,
2023-12-20,1568.7,
2023-12-21,1567.8,
2023-12-22,1566.5,
2023-12-23,1566.8,
2023-12-24,1566.1,
2023-12-25,1565.4,
2023-12-26,1563.7,
2023-12-27,1562.7,
2023-12-28,1562.4,
2023-12-29,1561.6,
2023-12-30,1560.7,
2023-12-31,1560.9,
2024-01-01,1560.2,
2024-01-02,1556.9,
2024-01-03,1556.1,
2024-01-04,1553.1,
2024-01-05,1553.2,
2024-01-06,1552.6,
2024-01-07,1552.2,
2024-01-08,1552.4,
2024-01-09,1551.7,
2024-01-10,1548.7,
2024-01-11,1547.7,
2024-01-12,1546.6,
2024-01-13,1546.1,
2024-01-14,1545.8,
2024-01-15,1544.0,
2024-01-16,1544.1,
2024-01-17,1543.4,
2024-01-18,1543.0,
2024-01-19,1542.4,
2024-01-20,1542.2,
2024-01-21,1542.5,
2024-01-22,1541.3,
2024-01-23,1542.2,
2024-01-24,1545.4,
2024-01-25,1549.8,
2024-01-26,1552.7,
2024-01-27,1555.3,
2024-01-28,1556.8,
2024-01-29,1558.6,
2024-01-30,1561.7,
2024-01-31,1565.2,
2024-02-01,1570.7,
2024-02-02,1574.5,
2024-02-03,1576.8,
2024-02-04,1578.0,
2024-02-05,1580.3,
2024-02-06,1581.9,
2024-02-07,1582.9,
2024-02-08,1583.6,
2024-02-09,1586.7,
2024-02-10,1587.3,
2024-02-11,1587.9,
2024-02-12,1589.0,
2024-02-13,1589.6,
2024-02-14,1592.6,
2024-02-15,1596.7,
2024-02-16,1600.9,
2024-02-17,1604.1,
2024-02-18,1604.8,
2024-02-19,1605.9,
2024-02-20,1609.7,
2024-02-21,1612.4,
2024-02-22,1615.3,
2024-02-23,1616.4,
2024-02-24,1617.2,
2024-02-25,1618.8,
2024-02-26,1619.0,
2024-02-27,1619.9,
2024-02-28,1620.1,
2024-02-29,1620.1,
2024-03-01,1620.9,
2024-03-02,1621.0,
2024-03-03,1621.2,
2024-03-04,1621.9,
2024-03-05,1622.7,
2024-03-06,1622.9,
2024-03-07,1622.9,
2024-03-08,1622.7,
2024-03-09,1622.5,
2024-03-10,1622.6,
2024-03-11,1622.7,
2024-03-12,1622.3,
2024-03-13,1621.3,
2024-03-14,1621.0,
2024-03-15,1620.1,
2024-03-16,1619.8,
2024-03-17,1619.8,
2024-03-18,1619.4,
2024-03-19,1618.5,
2024-03-20,1619.3,
2024-03-21,1619.5,
2024-03-22,1628.5,
2024-03-23,1628.1,
2024-03-24,1628.1,
2024-03-25,1620.0,
2024-03-26,1620.1,
2024-03-27,1620.6,
2024-03-28,1620.7,
2024-03-29,1621.1,
2024-03-30,1621.4,
2024-03-31,1622.1,
2024-04-01,1623.2,
2024-04-02,1624.3,
2024-04-03,1627.1,
2024-04-04,1631.4,
2024-04-05,1636.9,
2024-04-06,1640.4,
2024-04-07,1641.5,
2024-04-08,1645.8,
2024-04-09,1650.1,
2024-04-10,1654.0,
2024-04-11,1659.1,
2024-04-12,1661.6,
2024-04-13,1666.3,
2024-04-14,1667.8,
2024-04-15,1671.0,
2024-04-16,1674.3,
2024-04-17,1675.4,
2024-04-18,1676.4,
2024-04-19,1677.3,
2024-04-20,1679.7,
2024-04-21,1680.5,
2024-04-22,1681.5,
2024-04-23,1682.6,
2024-04-24,1683.2,
2024-04-25,1683.3,
2024-04-26,1683.2,
2024-04-27,1683.6,
2024-04-28,1683.8,
2024-04-29,1685.0,
2024-04-30,1684.2,
2024-05-01,1684.5,
2024-05-02,1684.4,
2024-05-03,1684.3,
2024-05-04,1683.7,
2024-05-05,1683.7,
2024-05-06,1683.7,
2024-05-07,1683.8,
2024-05-08,1684.1,
2024-05-09,1682.5,
2024-05-10,1680.9,
2024-05-11,1680.1,
2024-05-12,1679.5,
2024-05-13,1678.4,
2024-05-14,1677.0,
2024-05-15,1675.9,
2024-05-16,1674.7,
2024-05-17,1673.3,
2024-05-18,1671.6,
2024-05-19,1671.6,
2024-05-20,1670.4,
2024-05-21,1668.4,
2024-05-22,1666.5,
2024-05-23,1662.5,
2024-05-24,1660.1,
2024-05-25,1659.0,
2024-05-26,1658.4,
2024-05-27,1656.5,
2024-05-28,1652.9,
2024-05-29,1651.5,
2024-05-30,1649.9,
2024-05-31,1648.7,
2024-06-01,1647.9,
2024-06-02,1646.9,
2024-06-03,1645.9,
2024-06-04,1643.9,
2024-06-05,1641.7,
2024-06-06,1640.1,
2024-06-07,1638.4,
2024-06-08,1637.7,
2024-06-09,1637.4,
2024-06-10,1637.3,
2024-06-11,1635.8,
2024-06-12,1634.2,
2024-06-13,1633.1,
2024-06-14,1631.9,
2024-06-15,1630.7,
2024-06-16,1630.4,
2024-06-17,1629.4,
2024-06-18,1628.7,
2024-06-19,1628.6,
2024-06-20,1629.0,
2024-06-21,1629.1,
2024-06-22,1629.8,
2024-06-23,1630.4,
2024-06-24,1632.2,
2024-06-25,1633.3,
2024-06-26,1636.0,
2024-06-27,1639.5,
2024-06-28,1645.7,
2024-06-29,1648.2,
2024-06-30,1652.0,
2024-07-01,1662.1,
2024-07-02,1667.0,
2024-07-03,1670.8,
2024-07-04,1676.5,
2024-07-05,1680.3,
2024-07-06,1684.8,
2024-07-07,1686.8,
2024-07-08,1690.8,
2024-07-09,1694.3,
2024-07-10,1695.7,
2024-07-11,1697.7,
2024-07-12,1699.1,
2024-07-13,1697.6,
2024-07-14,1698.8,
2024-07-15,1703.3,
2024-07-16,1704.5,
2024-07-17,1704.7,
2024-07-18,1704.4,
2024-07-19,1704.0,
2024-07-20,1703.9,
2024-07-21,1703.8,
2024-07-22,1703.8,
2024-07-23,1703.3,
2024-07-24,1702.8,
2024-07-25,1702.7,
2024-07-26,1702.7,
2024-07-27,1701.5,
2024-07-28,1701.4,
2024-07-29,1700.8,
2024-07-30,1700.5,
2024-07-31,1699.2,
2024-08-01,1697.9,
2024-08-02,1697.5,
2024-08-03,1697.0,
2024-08-04,1696.9,
2024-08-05,1696.1,
2024-08-06,1694.6,
2024-08-07,1691.1,
2024-08-08,1688.7,
2024-08-09,1686.9,
2024-08-10,1684.8,
2024-08-11,1683.5,
2024-08-12,1681.1,
2024-08-13,1680.4,
2024-08-14,1679.6,
2024-08-15,1679.2,
2024-08-16,1678.6,
2024-08-17,1678.7,
2024-08-18,1678.7,
2024-08-19,1677.2,
2024-08-20,1674.3,
2024-08-21,1671.7,
2024-08-22,1666.5,
2024-08-23,1663.2,
2024-08-24,1659.5,
2024-08-25,1658.7,
2024-08-26,1656.7,
2024-08-27,1652.4,
2024-08-28,1648.1,
2024-08-29,1647.7,
2024-08-30,1646.1,
2024-08-31,1644.1,
2024-09-01,1643.2,
2024-09-02,1640.9,
2024-09-03,1639.4,
2024-09-04,1636.4,
2024-09-05,1632.5,
2024-09-06,1629.3,
2024-09-07,1626.7,
2024-09-08,1625.3,
2024-09-09,1622.6,
2024-09-10,1617.8,
2024-09-11,1611.1,
2024-09-12,1606.6,
2024-09-13,1603.3,
2024-09-14,1600.8,
2024-09-15,1599.2,
2024-09-16,1597.6,
2024-09-17,1597.3,
2024-09-18,1593.3,
2024-09-19,1595.9,
2024-09-20,1592.8,
2024-09-21,1591.4,
2024-09-22,1590.9,
2024-09-23,1588.6,
2024-09-24,1585.3,
2024-09-25,1582.4,
2024-09-26,1580.9,
2024-09-27,1576.3,
2024-09-28,1574.6,
2024-09-29,1573.3,
2024-09-30,1576.0,
2024-10-01,1571.4,
2024-10-02,1570.7,
2024-10-03,1569.8,
2024-10-04,1569.3,
2024-10-05,1568.4,
2024-10-06,1567.4,
2024-10-07,1567.3,
2024-10-08,1567.7,
2024-10-09,1568.1,
2024-10-10,1568.6,
2024-10-11,1569.1,
2024-10-12,1570.9,
2024-10-13,1571.1,
2024-10-14,1573.2,
2024-10-15,1574.3,
2024-10-16,1575.1,
2024-10-17,1575.0,
2024-10-18,1577.1,
2024-10-19,1577.9,
2024-10-20,1576.9,
2024-10-21,1578.5,
2024-10-22,1579.3,
2024-10-23,1579.7,
2024-10-24,1579.7,
2024-10-25,1581.5,
2024-10-26,1582.2,
2024-10-27,1582.5,
2024-10-28,1584.7,
2024-10-29,1585.4,
2024-10-30,1587.1,
2024-10-31,1588.5,
2024-11-01,1592.7,
2024-11-02,1594.9,
2024-11-03,1595.5,
2024-11-04,1596.6,
2024-11-05,1600.3,
2024-11-06,1604.9,
2024-11-07,1607.5,
2024-11-08,1609.9,
2024-11-09,1610.4,
2024-11-10,1610.8,
2024-11-11,1612.3,
2024-11-12,1614.0,
2024-11-13,1615.5,
2024-11-14,1617.5,
2024-11-15,1617.8,
2024-11-16,1618.8,
2024-11-17,1619.0,
2024-11-18,1619.0,
2024-11-19,1620.0,
2024-11-20,1621.3,
2024-11-21,1621.8,
2024-11-22,1622.2,
2024-11-23,1622.6,
2024-11-24,1623.1,
2024-11-25,1623.6,
2024-11-26,1624.2,
2024-11-27,1626.0,
2024-11-28,1627.6,
2024-11-29,1627.5,
2024-11-30,1627.7,
2024-12-01,1628.8,
2024-12-02,1629.0,
2024-12-03,1630.0,
2024-12-04,1630.9,
2024-12-05,1631.6,
2024-12-06,1633.7,
2024-12-07,1635.2,
2024-12-08,1636.0,
2024-12-09,1635.9,
2024-12-10,1637.0,
2024-12-11,1637.9,
2024-12-12,1638.6,
2024-12-13,1638.7,
2024-12-14,1639.7,
2024-12-15,1641.3,
2024-12-16,1643.3,
2024-12-17,1645.0,
2024-12-18,1648.4,
2024-12-19,1650.4,
2024-12-20,1651.4,
2024-12-21,1652.4,
2024-12-22,1652.9,
2024-12-23,1653.6,
2024-12-24,1654.7,
2024-12-25,1655.9,
2024-12-26,1657.0,
2024-12-27,1658.0,
2024-12-28,1660.5,
2024-12-29,1660.8,
2024-12-30,1662.1,
2024-12-31,1663.0,
2025-01-01,1668.3,
2025-01-02,1672.6,
2025-01-03,1676.4,
2025-01-04,1679.2,
2025-01-05,1681.0,
2025-01-06,1683.1,
2025-01-07,1685.6,
2025-01-08,1688.7,
2025-01-09,1690.8,
2025-01-10,1691.8,
2025-01-11,1694.7,
2025-01-12,1696.8,
2025-01-13,1700.0,
2025-01-14,1703.2,
2025-01-15,1707.1,
2025-01-16,1710.1,
2025-01-17,1713.4,
2025-01-18,1716.5,
2025-01-19,1718.0,
2025-01-20,1720.3,
2025-01-21,1722.6,
2025-01-22,1724.1,
2025-01-23,1724.6,
2025-01-24,1725.6,
2025-01-25,1726.1,
2025-01-26,1726.3,
2025-01-27,1726.5,
2025-01-28,1726.9,
2025-01-29,1727.6,
2025-01-30,1727.0,
2025-01-31,1727.3,
2025-02-01,1728.2,
2025-02-02,1727.9,
2025-02-03,1729.3,
2025-02-04,1728.3,
2025-02-05,1727.9,
2025-02-06,1727.1,
2025-02-07,1726.9,
2025-02-08,1726.7,
2025-02-09,1726.7,
2025-02-10,1726.3,
2025-02-11,1725.6,
2025-02-12,1724.9,
2025-02-13,1723.7,
2025-02-14,1722.4,
2025-02-15,1722.3,
2025-02-16,1722.4,
2025-02-17,1721.9,
2025-02-18,1720.8,
2025-02-19,1719.2,
2025-02-20,1716.6,
2025-02-21,1714.7,
2025-02-22,1713.8,
2025-02-23,1713.6,
2025-02-24,1713.6,
2025-02-25,1712.7,
2025-02-26,1711.3,
2025-02-27,1709.5,
2025-02-28,1708.2,
2025-03-01,1704.8,
2025-03-02,1704.4,
2025-03-03,1703.9,
2025-03-04,1701.2,
2025-03-05,1698.6,
2025-03-06,1696.2,
2025-03-07,1693.3,
2025-03-08,1691.3,
2025-03-09,1689.8,
2025-03-10,1686.2,
2025-03-11,1682.1,
2025-03-12,1677.3,
2025-03-13,1672.9,
2025-03-14,1669.9,
2025-03-15,1667.6,
2025-03-16,1665.8,
2025-03-17,1662.4,
2025-03-18,1660.0,
2025-03-19,1656.8,
2025-03-20,1655.6,
2025-03-21,1653.3,
2025-03-22,1651.1,
2025-03-23,1650.5,
2025-03-24,1648.3,
2025-03-25,1647.0,
2025-03-26,1644.8,
2025-03-27,1642.7,
2025-03-28,1641.7,
2025-03-29,1640.4,
2025-03-30,1640.1,
2025-03-31,1640.0,
2025-04-01,1640.4,
2025-04-02,1641.3,
2025-04-03,1642.2,
2025-04-04,1642.5,
2025-04-05,1641.7,
2025-04-06,1641.7,
2025-04-07,1640.9,
2025-04-08,1639.5,
2025-04-09,1635.7,
2025-04-10,1632.4,
2025-04-11,1629.5,
2025-04-12,1626.8,
2025-04-13,1624.7,
2025-04-14,1620.1,
2025-04-15,1617.7,
2025-04-16,1616.2,
2025-04-17,1614.3,
2025-04-18,1612.7,
2025-04-19,1611.1,
2025-04-20,1611.2,
2025-04-21,1611.5,
2025-04-22,1609.6,
2025-04-23,1608.8,
2025-04-24,1608.6,
2025-04-25,1609.2,
2025-04-26,1608.2,
2025-04-27,1608.6,
2025-04-28,1609.6,
2025-04-29,1610.5,
2025-04-30,1610.7,
2025-05-01,1613.2,
2025-05-02,1613.9,
2025-05-03,1615.4,
2025-05-04,1615.3,
2025-05-05,1614.6,
2025-05-06,1612.9,
2025-05-07,1614.3,
2025-05-08,1614.6,
2025-05-09,1614.5,
2025-05-10,1613.6,
2025-05-11,1613.4,
2025-05-12,1614.2,
2025-05-13,1614.5,
2025-05-14,1614.6,
2025-05-15,1616.7,
2025-05-16,1616.1,
2025-05-17,1616.7,
2025-05-18,1616.3,
2025-05-19,1616.6,
2025-05-20,1615.5,
2025-05-21,1616.1,
2025-05-22,1616.8,
2025-05-23,1617.3,
2025-05-24,1617.0,
2025-05-25,1616.9,
2025-05-26,1616.6,
2025-05-27,1617.1,
2025-05-28,1615.1,
2025-05-29,1614.5,
2025-05-30,1614.2,
2025-05-31,1613.9,
2025-06-01,1613.7,
2025-06-02,1613.1,
2025-06-03,1612.2,
2025-06-04,1612.8,
2025-06-05,1611.9,
2025-06-06,1610.9,
2025-06-07,1611.4,
2025-06-08,1611.2,
2025-06-09,1610.8,
2025-06-10,1610.3,
2025-06-11,1610.4,
2025-06-12,1610.6,
2025-06-13,1610.9,
2025-06-14,1612.1,
2025-06-15,1613.3,
2025-06-16,1614.7,
2025-06-17,1618.5,
2025-06-18,1623.2,
2025-06-19,1627.6,
2025-06-20,1631.4,
2025-06-21,1637.0,
2025-06-22,1640.1,
2025-06-23,1647.0,
2025-06-24,1655.7,
2025-06-25,1657.6,
2025-06-26,1658.9,
2025-06-27,1657.8,
2025-06-28,1658.1,
2025-06-29,1657.3,
2025-06-30,1659.5,
2025-07-01,1659.8,
2025-07-02,1659.5,
2025-07-03,1658.9,
2025-07-04,1659.9,
2025-07-05,1659.8,
2025-07-06,1659.4,
2025-07-07,1659.0,
2025-07-08,1658.5,
2025-07-09,1658.5,
2025-07-10,1657.9,
2025-07-11,1657.8,
2025-07-12,1658.0,
2025-07-13,1657.9,
2025-07-14,1657.2,
2025-07-15,1657.6,
2025-07-16,1657.0,
2025-07-17,1657.5,
2025-07-18,1657.2,
2025-07-19,1657.3,
2025-07-20,1657.3,
2025-07-21,1656.7,
2025-07-22,1656.8,
2025-07-23,1656.4,
2025-07-24,1656.6,
2025-07-25,1656.3,
2025-07-26,1656.3,
2025-07-27,1656.3,
2025-07-28,1656.8,
2025-07-29,1656.7,
2025-07-30,1656.9,
2025-07-31,1657.1,
2025-08-01,1657.5,
2025-08-02,1658.2,
2025-08-03,1658.1,
2025-08-04,1658.2,
2025-08-05,1658.3,
2025-08-06,1657.9,
2025-08-07,1657.7,
2025-08-08,1657.1,
2025-08-09,1656.5,
2025-08-10,1657.2,
2025-08-11,1655.5,
2025-08-12,1655.1,
2025-08-13,1655.0,
2025-08-14,1655.1,
2025-08-15,1654.2,
2025-08-16,1653.3,
2025-08-17,1653.2,
2025-08-18,1653.2,
2025-08-19,1651.4,
2025-08-20,1650.7,
2025-08-21,1649.9,
2025-08-22,1649.7,
2025-08-23,1649.3,
2025-08-24,1649.2,
2025-08-25,1649.3,
2025-08-26,1649.3,
2025-08-27,1648.6,
2025-08-28,1648.4,
2025-08-29,1648.3,
2025-08-30,1648.0,
2025-08-31,1648.0,
2025-09-01,1647.6,
2025-09-02,1647.2,
2025-09-03,1647.0,
2025-09-04,1646.8,
2025-09-05,1647.0,
2025-09-06,1646.9,
2025-09-07,1647.2,
2025-09-08,1646.7,
2025-09-09,1647.0,
2025-09-10,1647.0,
2025-09-11,1646.9,
2025-09-12,1647.0,
2025-09-13,1647.1,
2025-09-14,1647.5,
2025-09-15,1646.7,
2025-09-16,1646.6,
2025-09-17,1646.8,
2025-09-18,1647.1,
2025-09-19,1647.1,
2025-09-20,1647.1,
2025-09-21,1647.6,
2025-09-22,1646.9,
2025-09-23,1648.2,
2025-09-24,1649.2,
2025-09-25,1648.6,
2025-09-26,1649.2,
2025-09-27,1649.4,
2025-09-28,1649.6,
2025-09-29,1649.5,
2025-09-30,1649.8,
2025-10-01,1650.1,
2025-10-02,1649.8,
2025-10-03,1650.2,
2025-10-04,1650.1,
2025-10-05,1650.1,
2025-10-06,1650.2,
2025-10-07,1650.9,
2025-10-08,1651.0,
2025-10-09,1649.1,
2025-10-10,1650.2,
2025-10-11,1649.9,
2025-10-12,1649.9,
2025-10-13,1649.2,
2025-10-14,1649.0,
2025-10-15,1649.1,
2025-10-16,1648.8,
2025-10-17,1648.3,
2025-10-18,1648.3,
2025-10-19,1648.4,
2025-10-20,1646.4,
2025-10-21,1645.5,
2025-10-22,1644.8,
2025-10-23,1644.6,
2025-10-24,1644.7,
2025-10-25,1645.6,
2025-10-26,1646.0,
2025-10-27,1647.2,
2025-10-28,1647.7,
2025-10-29,1649.6,
2025-10-30,1651.3,
2025-10-31,1654.6,
2025-11-01,1659.0,
2025-11-02,1660.3,
2025-11-03,1663.3,
2025-11-04,1665.0,
2025-11-05,1666.7,
2025-11-06,1668.6,
2025-11-07,1669.5,
2025-11-08,1671.6,
2025-11-09,1673.2,
2025-11-10,1675.5,
2025-11-11,1677.6,
2025-11-12,1682.4,
2025-11-13,1687.9,
2025-11-14,1691.6,
2025-11-15,1697.2,
2025-11-16,1699.5,
2025-11-17,1704.1,
2025-11-18,1709.0,
2025-11-19,1713.8,
2025-11-20,1717.5,
2025-11-21,1720.1,
2025-11-22,1722.6,
2025-11-23,1723.9,
2025-11-24,1725.0,
2025-11-25,1727.2,
2025-11-26,1727.6,
2025-11-27,1727.6,
2025-11-28,1727.7,
2025-11-29,1727.7,
2025-11-30,1727.9,
2025-12-01,1727.3,
2025-12-02,1727.0,
2025-12-03,1726.5,
2025-12-04,1725.9,
2025-12-05,1725.8,
2025-12-06,1725.5,
2025-12-07,1725.5,
2025-12-08,1725.0,
2025-12-09,1725.1,
2025-12-10,1725.3,
2025-12-11,1725.0,
2025-12-12,1723.9,
2025-12-13,1723.7,
2025-12-14,1723.6,
2025-12-15,1722.5,
2025-12-16,1722.2,
2025-12-17,1721.4,
2025-12-18,1720.8,
2025-12-19,1719.7,
2025-12-20,1719.6,
2025-12-21,1719.2,
2025-12-22,1718.1,
2025-12-23,1717.5,
2025-12-24,1716.0,
2025-12-25,1715.4,
2025-12-26,1715.5,
2025-12-27,1714.4,
2025-12-28,1713.0,
2025-12-29,1712.4,
2025-12-30,1711.8,
2025-12-31,1710.5,
2026-01-01,1708.7,
2026-01-02,1707.3,
2026-01-03,1706.6,
2026-01-04,1705.9,
2026-01-05,1703.8,
2026-01-06,1701.5,
2026-01-07,1699.1,
2026-01-08,1696.8,
2026-01-09,1693.8,
2026-01-10,1692.6,
2026-01-11,1690.8,
2026-01-12,1688.3,
2026-01-13,1683.7,
2026-01-14,1679.8,
2026-01-15,1678.2,
2026-01-16,1675.6,
2026-01-17,1673.7,
2026-01-18,1672.4,
2026-01-19,1670.9,
2026-01-20,1669.0,
2026-01-21,1666.9,
2026-01-22,1665.6,
2026-01-23,1664.8,
2026-01-24,1664.7,
2026-01-25,1664.4,
2026-01-26,1663.8,
2026-01-27,1663.1,
2026-01-28,1662.3,
2026-01-29,1661.3,
2026-01-30,1661.8,
2026-01-31,1661.8,
2026-02-01,1661.3,
2026-02-02,1660.9,
2026-02-03,1660.6,
2026-02-04,1660.5,
2026-02-05,1660.6,
2026-02-06,1660.4,
2026-02-07,1660.5,
2026-02-08,1660.3,
2026-02-09,1660.0,
2026-02-10,1659.9,
2026-02-11,1660.1,
2026-02-12,1660.5,
2026-02-13,1661.2,
2026-02-14,1661.9,
2026-02-15,1662.4,
2026-02-16,1662.5,
2026-02-17,1662.5,
2026-02-18,1663.0,
2026-02-19,1662.8,
2026-02-20,1663.2,
2026-02-21,1664.4,
2026-02-22,1664.9,
2026-02-23,1666.3,
2026-02-24,1666.4,
2026-02-25,1667.1,
2026-02-26,1667.0,
2026-02-27,1667.4,
2026-02-28,1668.0,이란 전쟁 발발 (이스라엘·미국 공습) - 국제유가 급등 시작
2026-03-01,1672.1,
2026-03-02,1680.1,사우디 아람코 정유시설 드론 공격
2026-03-03,1708.8,
2026-03-04,1772.9,
2026-03-05,1835.7,
2026-03-06,1866.8,
2026-03-07,1884.7,
2026-03-08,1889.4,
2026-03-09,1899.1,
2026-03-10,1906.0,
2026-03-11,1907.1,
2026-03-12,1900.6,
2026-03-13,1859.5,"정부 1차 석유 최고가격제 시행 (휘발유 상한 1,724원)"
2026-03-14,1839.5,
2026-03-15,1835.0,
2026-03-16,1823.8,
2026-03-17,1816.8,
2026-03-18,1813.9,
2026-03-19,1812.0,
2026-03-20,1809.9,
2026-03-21,1810.0,
2026-03-22,1809.3,
2026-03-23,1807.3,
2026-03-24,1807.7,
2026-03-25,1808.8,
2026-03-26,1810.1,
2026-03-27,1827.9,"2차 최고가격 상향 조정 (1,934원) + 유류세 추가 인하"
2026-03-28,1846.1,
2026-03-29,1851.9,
2026-03-30,1866.8,
2026-03-31,1880.6,
2026-04-01,1899.9,
2026-04-02,1917.3,
2026-04-03,1932.0,
2026-04-04,1939.6,
2026-04-05,1943.3,
2026-04-06,1957.8,
2026-04-07,1969.0,
2026-04-08,1978.0,
2026-04-09,1985.5,
2026-04-10,1987.6,
2026-04-11,1988.9,
2026-04-12,1988.7,
2026-04-13,1991.4,
2026-04-14,1992.5,
2026-04-15,1993.5,
2026-04-16,1994.0,
2026-04-17,1994.1,
2026-04-18,1995.2,
2026-04-19,1995.5,
2026-04-20,1996.3,
2026-04-21,1995.8,
2026-04-22,1997.1,
2026-04-23,1997.6,
2026-04-24,1998.0,
2026-04-25,1998.7,
2026-04-26,1998.9,
2026-04-27,1999.2,
2026-04-28,1999.4,
2026-04-29,1999.5,
2026-04-30,1999.9,
2026-05-01,1999.8,
2026-05-02,1999.9,
2026-05-03,2000.0,
2026-05-04,1999.8,
2026-05-05,1999.0,
2026-05-06,1999.2,
2026-05-07,1999.7,
2026-05-08,2000.0,
2026-05-09,2000.1,
2026-05-10,2000.3,
2026-05-11,1999.9,
2026-05-12,1999.6,
2026-05-13,1999.9,
2026-05-14,1999.9,
2026-05-15,1999.5,
2026-05-16,1999.4,
2026-05-17,1999.6,
2026-05-18,1999.5,
2026-05-19,1999.3,
2026-05-20,1999.2,
2026-05-21,1998.5,
2026-05-22,1999.2,
2026-05-23,1999.4,
2026-05-24,1999.4,
2026-05-25,1999.4,
2026-05-26,1999.2,
2026-05-27,1999.1,
2026-05-28,1999.1,
2026-05-29,1998.8,
2026-05-30,1998.5,
2026-05-31,1998.5,
2026-06-01,1998.3,
2026-06-02,1998.3,
2026-06-03,1998.0,
2026-06-04,1997.7,
2026-06-05,1997.9,
2026-06-06,1997.6,
2026-06-07,1997.4,
2026-06-08,1997.2,
2026-06-09,1997.0,
2026-06-10,1997.0,
2026-06-11,1996.9,
2026-06-12,1996.8,
2026-06-13,1996.7,
2026-06-14,1996.7,
2026-06-15,1996.7,
2026-06-16,1996.4,
2026-06-17,1995.7,
2026-06-18,1996.0,
2026-06-19,1995.5,
2026-06-20,1995.5,
2026-06-21,1995.5,
2026-06-22,1995.5,
2026-06-23,1995.4,
2026-06-24,1994.9,
2026-06-25,1994.2,
2026-06-26,1992.8,
2026-06-27,1984.5,
2026-06-28,1977.8,
2026-06-29,1961.5,
2026-06-30,1942.3,
2026-07-01,1918.4,
2026-07-02,1901.5,
2026-07-03,1890.2,
2026-07-04,1885.8,
2026-07-05,1883.4,
2026-07-06,1878.6,
2026-07-07,1875.0,
2026-07-08,1872.5,
2026-07-09,1867.4,
2026-07-10,1866.0,
2026-07-11,1864.4,
2026-07-12,1863.8,
2026-07-13,1861.8,
2026-07-14,1860.6,
2026-07-15,1860.3,
2026-07-16,1858.2,
2026-07-17,1857.2,
2026-07-18,1857.0,
2026-07-19,1856.8,
2026-07-20,1857.2,
2026-07-21,1856.5,
2026-07-22,1856.1,
2026-07-23,1855.9,
2026-07-24,1855.4,
2026-07-25,1855.4,
2026-07-26,1855.0,
2026-07-27,1856.3,
2026-07-28,1854.9,
2026-07-29,1853.7,
2026-07-30,1853.6,
2026-07-31,1852.7,
2026-08-01,1852.5,
2026-08-02,1852.5,
2026-08-03,1850.0,
2026-08-04,1849.4,
2026-08-05,1849.0,
2026-08-06,1847.8,
2026-08-07,1849.2,
2026-08-08,1848.1,
2026-08-09,1848.3,
2026-08-10,1847.8,
2026-08-11,1847.3,
2026-08-12,1846.9,
2026-08-13,1846.0,
2026-08-14,1845.7,
2026-08-15,1845.5,
2026-08-16,1845.5,
2026-08-17,1845.6,
2026-08-18,1845.5,
2026-08-19,1845.7,
2026-08-20,1844.8,
2026-08-21,1844.6,
2026-08-22,1844.9,
2026-08-23,1844.6,
2026-08-24,1845.0,
2026-08-25,1844.5,
2026-08-26,1844.2,
2026-08-27,1844.2,
2026-08-28,1844.5,
2026-08-29,1844.2,
2026-08-30,1844.2,
2026-08-31,1844.1,
2026-09-01,1843.7,
2026-09-02,1843.8,
2026-09-03,1843.5,
2026-09-04,1843.4,
2026-09-05,1843.4,
2026-09-06,1843.4,
2026-09-07,1843.3,
2026-09-08,1843.0,
2026-09-09,1843.1,
2026-09-10,1843.1,
2026-09-11,1843.2,
2026-09-12,1842.9,
2026-09-13,1842.9,
2026-09-14,1842.9,
2026-09-15,1843.5,
2026-09-16,1843.6,
2026-09-17,1843.6,
2026-09-18,1843.2,
2026-09-19,1843.3,
2026-09-20,1843.0,
2026-09-21,1842.2,
2026-09-22,1840.8,
2026-09-23,1840.9,
2026-09-24,1838.1,
2026-09-25,1837.4,
2026-09-26,1837.6,
2026-09-27,1838.3,
2026-09-28,1841.3,
2026-09-29,1840.2,
